plate,well,component_no,component,ot2_label,vol,transfervol,cumvol
P2,E9,component4,11,malt_extract,4,2,4
P2,F9,component4,11,malt_extract,4,2,8
P2,G9,component4,11,malt_extract,4,2,12
P2,H9,component4,11,malt_extract,4,2,16
P2,A10,component4,11,malt_extract,4,2,20
P2,B10,component4,11,malt_extract,4,2,24
P2,C10,component4,11,malt_extract,4,2,28
P2,D10,component4,11,malt_extract,4,2,32
P2,E10,component4,11,malt_extract,4,2,36
P2,F10,component4,11,malt_extract,4,2,40
P2,G10,component4,11,malt_extract,4,2,44
P2,H10,component4,11,malt_extract,4,2,48
P2,A11,component4,11,malt_extract,4,2,52
P2,B11,component4,11,malt_extract,4,2,56
P2,C11,component4,11,malt_extract,4,2,60
P2,D11,component4,11,malt_extract,4,2,64
P2,E11,component4,11,malt_extract,4,2,68
P2,F11,component4,11,malt_extract,4,2,72
P2,G11,component4,11,malt_extract,4,2,76
P2,H11,component4,11,malt_extract,4,2,80
P2,A12,component4,11,malt_extract,4,2,84
P2,B12,component4,11,malt_extract,4,2,88
P2,C12,component4,11,malt_extract,4,2,92
P2,D12,component4,11,malt_extract,4,2,96
P2,E12,component4,11,malt_extract,4,2,100
P2,F12,component4,11,malt_extract,4,2,104
P2,G12,component4,11,malt_extract,4,2,108
P2,H12,component4,11,malt_extract,4,2,112
P2,C9,component3,6,glycerol,4,2,252
P2,D9,component3,6,glycerol,4,2,256
P2,B10,component1,6,glycerol,4,2,260
P2,G10,component2,6,glycerol,4,2,264
P2,C11,component2,6,glycerol,4,2,268
P2,F11,component2,6,glycerol,4,2,272
P2,H11,component2,6,glycerol,4,2,276
P2,A12,component2,6,glycerol,4,2,280
P2,E12,component3,6,glycerol,4,2,284
P2,H12,component3,6,glycerol,4,2,288
P3,A1,component4,11,malt_extract,4,2,116
P3,B1,component4,11,malt_extract,4,2,120
P3,C1,component4,11,malt_extract,4,2,124
P3,D1,component4,11,malt_extract,4,2,128
P3,E1,component4,11,malt_extract,4,2,132
P3,F1,component4,11,malt_extract,4,2,136
P3,G1,component4,11,malt_extract,4,2,140
P3,H1,component4,11,malt_extract,4,2,144
P3,A2,component4,11,malt_extract,4,2,148
P3,B2,component4,11,malt_extract,4,2,152
P3,C2,component4,11,malt_extract,4,2,156
P3,D2,component4,11,malt_extract,4,2,160
P3,E2,component4,11,malt_extract,4,2,164
P3,B1,component3,6,glycerol,4,2,292
P3,C1,component3,6,glycerol,4,2,296
P3,F1,component3,6,glycerol,4,2,300
P3,H1,component3,6,glycerol,4,2,304
P3,A2,component3,6,glycerol,4,2,308
P3,C2,component3,6,glycerol,4,2,312
P3,D2,component3,6,glycerol,4,2,316
P3,E2,component3,6,glycerol,4,2,320
P3,C3,component1,6,glycerol,4,2,324
P3,H3,component2,6,glycerol,4,2,328
P3,D4,component2,6,glycerol,4,2,332
P3,G4,component2,6,glycerol,4,2,336
P3,A5,component2,6,glycerol,4,2,340
P3,B5,component2,6,glycerol,4,2,344
P3,F5,component3,6,glycerol,4,2,348
P3,A6,component3,6,glycerol,4,2,352
P3,C6,component3,6,glycerol,4,2,356
P3,D6,component3,6,glycerol,4,2,360
P3,G6,component3,6,glycerol,4,2,364
P3,A7,component3,6,glycerol,4,2,368
P3,B7,component3,6,glycerol,4,2,372
P3,D7,component3,6,glycerol,4,2,376
P3,E7,component3,6,glycerol,4,2,380
P3,F7,component3,6,glycerol,4,2,384
P3,D8,component1,6,glycerol,4,2,388
P3,A9,component2,6,glycerol,4,2,392
P3,E9,component2,6,glycerol,4,2,396
P3,H9,component2,6,glycerol,4,2,400
P3,B10,component2,6,glycerol,4,2,404
P3,C10,component2,6,glycerol,4,2,408
P3,G10,component3,6,glycerol,4,2,412
P3,B11,component3,6,glycerol,4,2,416
P3,D11,component3,6,glycerol,4,2,420
P3,E11,component3,6,glycerol,4,2,424
P3,H11,component3,6,glycerol,4,2,428
P3,B12,component3,6,glycerol,4,2,432
P3,C12,component3,6,glycerol,4,2,436
P3,E12,component3,6,glycerol,4,2,440
P3,F12,component3,6,glycerol,4,2,444
P3,G12,component3,6,glycerol,4,2,448
P3,C5,component4,7,yeast_extract,4,2,252
P3,D5,component4,7,yeast_extract,4,2,256
P3,E5,component4,7,yeast_extract,4,2,260
P3,F5,component4,7,yeast_extract,4,2,264
P3,G5,component4,7,yeast_extract,4,2,268
P3,H5,component4,7,yeast_extract,4,2,272
P3,A6,component4,7,yeast_extract,4,2,276
P3,B6,component4,7,yeast_extract,4,2,280
P3,C6,component4,7,yeast_extract,4,2,284
P3,D6,component4,7,yeast_extract,4,2,288
P3,E6,component4,7,yeast_extract,4,2,292
P3,F6,component4,7,yeast_extract,4,2,296
P3,G6,component4,7,yeast_extract,4,2,300
P3,H6,component4,7,yeast_extract,4,2,304
P3,A7,component4,7,yeast_extract,4,2,308
P3,B7,component4,7,yeast_extract,4,2,312
P3,C7,component4,7,yeast_extract,4,2,316
P3,D7,component4,7,yeast_extract,4,2,320
P3,E7,component4,7,yeast_extract,4,2,324
P3,F7,component4,7,yeast_extract,4,2,328
P3,G7,component4,7,yeast_extract,4,2,332
P3,H7,component4,7,yeast_extract,4,2,336
P3,A8,component4,7,yeast_extract,4,2,340
P3,B8,component4,7,yeast_extract,4,2,344
P3,C8,component4,7,yeast_extract,4,2,348
P3,D8,component4,7,yeast_extract,4,2,352
P3,E8,component4,7,yeast_extract,4,2,356
P3,F8,component4,7,yeast_extract,4,2,360
P3,G8,component4,7,yeast_extract,4,2,364
P3,H8,component4,7,yeast_extract,4,2,368
P3,A9,component4,7,yeast_extract,4,2,372
P3,B9,component4,7,yeast_extract,4,2,376
P3,C9,component4,7,yeast_extract,4,2,380
P3,D9,component4,7,yeast_extract,4,2,384
P3,E9,component4,7,yeast_extract,4,2,388
P3,F9,component4,7,yeast_extract,4,2,392
P3,G9,component4,7,yeast_extract,4,2,396
P3,H9,component4,7,yeast_extract,4,2,400
P3,A10,component4,7,yeast_extract,4,2,404
P3,B10,component4,7,yeast_extract,4,2,408
P3,C10,component4,7,yeast_extract,4,2,412
P3,D10,component4,7,yeast_extract,4,2,416
P3,E10,component4,7,yeast_extract,4,2,420
P3,F10,component4,7,yeast_extract,4,2,424
P3,G10,component4,7,yeast_extract,4,2,428
P3,H10,component4,7,yeast_extract,4,2,432
P3,A11,component4,7,yeast_extract,4,2,436
P3,B11,component4,7,yeast_extract,4,2,440
P3,C11,component4,7,yeast_extract,4,2,444
P3,D11,component4,7,yeast_extract,4,2,448
P3,E11,component4,7,yeast_extract,4,2,452
P3,F11,component4,7,yeast_extract,4,2,456
P3,G11,component4,7,yeast_extract,4,2,460
P3,H11,component4,7,yeast_extract,4,2,464
P3,A12,component4,7,yeast_extract,4,2,468
P3,B12,component4,7,yeast_extract,4,2,472
P3,C12,component4,7,yeast_extract,4,2,476
P3,D12,component4,7,yeast_extract,4,2,480
P3,E12,component4,7,yeast_extract,4,2,484
P3,F12,component4,7,yeast_extract,4,2,488
P3,G12,component4,7,yeast_extract,4,2,492
P3,H12,component4,7,yeast_extract,4,2,496
P4,D4,component1,1,glucose,2,2,252
P4,E4,component1,1,glucose,2,2,254
P4,F4,component1,1,glucose,2,2,256
P4,A6,component1,1,glucose,2,2,258
P4,G6,component1,1,glucose,2,2,260
P4,H6,component1,1,glucose,2,2,262
P4,A7,component1,1,glucose,2,2,264
P4,B7,component1,1,glucose,2,2,266
P4,C7,component1,1,glucose,2,2,268
P4,F8,component1,1,glucose,2,2,270
P4,G8,component1,1,glucose,2,2,272
P4,H8,component1,1,glucose,2,2,274
P4,A9,component1,1,glucose,2,2,276
P4,B9,component1,1,glucose,2,2,278
P4,C9,component1,1,glucose,2,2,280
P4,D9,component1,1,glucose,2,2,282
P4,E9,component1,1,glucose,2,2,284
P4,F9,component1,1,glucose,2,2,286
P4,G9,component1,1,glucose,2,2,288
P4,B11,component1,1,glucose,2,2,290
P4,H11,component1,1,glucose,2,2,292
P4,A12,component1,1,glucose,2,2,294
P4,B12,component1,1,glucose,2,2,296
P4,C12,component1,1,glucose,2,2,298
P4,D12,component1,1,glucose,2,2,300
P4,A6,component5,11,malt_extract,4,2,168
P4,B6,component5,11,malt_extract,4,2,172
P4,C6,component5,11,malt_extract,4,2,176
P4,D6,component5,11,malt_extract,4,2,180
P4,E6,component5,11,malt_extract,4,2,184
P4,F6,component5,11,malt_extract,4,2,188
P4,G6,component5,11,malt_extract,4,2,192
P4,H6,component5,11,malt_extract,4,2,196
P4,A7,component5,11,malt_extract,4,2,200
P4,B7,component5,11,malt_extract,4,2,204
P4,C7,component5,11,malt_extract,4,2,208
P4,D7,component5,11,malt_extract,4,2,212
P4,E7,component5,11,malt_extract,4,2,216
P4,F7,component5,11,malt_extract,4,2,220
P4,G7,component5,11,malt_extract,4,2,224
P4,H7,component5,11,malt_extract,4,2,228
P4,A8,component5,11,malt_extract,4,2,232
P4,B8,component5,11,malt_extract,4,2,236
P4,C8,component5,11,malt_extract,4,2,240
P4,D8,component5,11,malt_extract,4,2,244
P4,E8,component5,11,malt_extract,4,2,248
P4,F8,component5,11,malt_extract,4,2,252
P4,G8,component5,11,malt_extract,4,2,256
P4,H8,component5,11,malt_extract,4,2,260
P4,A9,component5,11,malt_extract,4,2,264
P4,B9,component5,11,malt_extract,4,2,268
P4,C9,component5,11,malt_extract,4,2,272
P4,D9,component5,11,malt_extract,4,2,276
P4,E9,component5,11,malt_extract,4,2,280
P4,F9,component5,11,malt_extract,4,2,284
P4,G9,component5,11,malt_extract,4,2,288
P4,H9,component5,11,malt_extract,4,2,292
P4,A10,component5,11,malt_extract,4,2,296
P4,B10,component5,11,malt_extract,4,2,300
P4,C10,component5,11,malt_extract,4,2,304
P4,D10,component5,11,malt_extract,4,2,308
P4,E10,component5,11,malt_extract,4,2,312
P4,F10,component5,11,malt_extract,4,2,316
P4,G10,component5,11,malt_extract,4,2,320
P4,H10,component5,11,malt_extract,4,2,324
P4,A11,component5,11,malt_extract,4,2,328
P4,B5,component1,2,k2hpo4,2,2,252
P4,C5,component1,2,k2hpo4,2,2,254
P4,D5,component1,2,k2hpo4,2,2,256
P4,B6,component1,2,k2hpo4,2,2,258
P4,G6,component2,2,k2hpo4,2,2,260
P4,D7,component1,2,k2hpo4,2,2,262
P4,E7,component1,2,k2hpo4,2,2,264
P4,F7,component1,2,k2hpo4,2,2,266
P4,G7,component1,2,k2hpo4,2,2,268
P4,F8,component2,2,k2hpo4,2,2,270
P4,G8,component2,2,k2hpo4,2,2,272
P4,H8,component2,2,k2hpo4,2,2,274
P4,A9,component2,2,k2hpo4,2,2,276
P4,H9,component1,2,k2hpo4,2,2,278
P4,A10,component1,2,k2hpo4,2,2,280
P4,B10,component1,2,k2hpo4,2,2,282
P4,C10,component1,2,k2hpo4,2,2,284
P4,D10,component1,2,k2hpo4,2,2,286
P4,E10,component1,2,k2hpo4,2,2,288
P4,C11,component1,2,k2hpo4,2,2,290
P4,H11,component2,2,k2hpo4,2,2,292
P4,E12,component1,2,k2hpo4,2,2,294
P4,F12,component1,2,k2hpo4,2,2,296
P4,G12,component1,2,k2hpo4,2,2,298
P4,H12,component1,2,k2hpo4,2,2,300
P4,E5,component1,3,mgso4_x_7_h2o,2,2,252
P4,F5,component1,3,mgso4_x_7_h2o,2,2,254
P4,G5,component1,3,mgso4_x_7_h2o,2,2,256
P4,C6,component1,3,mgso4_x_7_h2o,2,2,258
P4,H6,component2,3,mgso4_x_7_h2o,2,2,260
P4,D7,component2,3,mgso4_x_7_h2o,2,2,262
P4,H7,component1,3,mgso4_x_7_h2o,2,2,264
P4,A8,component1,3,mgso4_x_7_h2o,2,2,266
P4,B8,component1,3,mgso4_x_7_h2o,2,2,268
P4,F8,component3,3,mgso4_x_7_h2o,2,2,270
P4,B9,component2,3,mgso4_x_7_h2o,2,2,272
P4,C9,component2,3,mgso4_x_7_h2o,2,2,274
P4,D9,component2,3,mgso4_x_7_h2o,2,2,276
P4,H9,component2,3,mgso4_x_7_h2o,2,2,278
P4,A10,component2,3,mgso4_x_7_h2o,2,2,280
P4,B10,component2,3,mgso4_x_7_h2o,2,2,282
P4,F10,component1,3,mgso4_x_7_h2o,2,2,284
P4,G10,component1,3,mgso4_x_7_h2o,2,2,286
P4,H10,component1,3,mgso4_x_7_h2o,2,2,288
P4,D11,component1,3,mgso4_x_7_h2o,2,2,290
P4,A12,component2,3,mgso4_x_7_h2o,2,2,292
P4,E12,component2,3,mgso4_x_7_h2o,2,2,294
P4,E5,component2,4,nacl,2,2,252
P4,F5,component2,4,nacl,2,2,254
P4,H5,component1,4,nacl,2,2,256
P4,D6,component1,4,nacl,2,2,258
P4,A7,component2,4,nacl,2,2,260
P4,E7,component2,4,nacl,2,2,262
P4,H7,component2,4,nacl,2,2,264
P4,C8,component1,4,nacl,2,2,266
P4,D8,component1,4,nacl,2,2,268
P4,G8,component3,4,nacl,2,2,270
P4,B9,component3,4,nacl,2,2,272
P4,E9,component2,4,nacl,2,2,274
P4,F9,component2,4,nacl,2,2,276
P4,H9,component3,4,nacl,2,2,278
P4,C10,component2,4,nacl,2,2,280
P4,D10,component2,4,nacl,2,2,282
P4,F10,component2,4,nacl,2,2,284
P4,G10,component2,4,nacl,2,2,286
P4,A11,component1,4,nacl,2,2,288
P4,E11,component1,4,nacl,2,2,290
P4,B12,component2,4,nacl,2,2,292
P4,F12,component2,4,nacl,2,2,294
P4,E5,component3,5,l_asparagine,2,2,252
P4,G5,component2,5,l_asparagine,2,2,254
P4,H5,component2,5,l_asparagine,2,2,256
P4,E6,component1,5,l_asparagine,2,2,258
P4,B7,component2,5,l_asparagine,2,2,260
P4,F7,component2,5,l_asparagine,2,2,262
P4,A8,component2,5,l_asparagine,2,2,264
P4,C8,component2,5,l_asparagine,2,2,266
P4,E8,component1,5,l_asparagine,2,2,268
P4,H8,component3,5,l_asparagine,2,2,270
P4,C9,component3,5,l_asparagine,2,2,272
P4,E9,component3,5,l_asparagine,2,2,274
P4,G9,component2,5,l_asparagine,2,2,276
P4,A10,component3,5,l_asparagine,2,2,278
P4,C10,component3,5,l_asparagine,2,2,280
P4,E10,component2,5,l_asparagine,2,2,282
P4,F10,component3,5,l_asparagine,2,2,284
P4,H10,component2,5,l_asparagine,2,2,286
P4,A11,component2,5,l_asparagine,2,2,288
P4,F11,component1,5,l_asparagine,2,2,290
P4,C12,component2,5,l_asparagine,2,2,292
P4,G12,component2,5,l_asparagine,2,2,294
P4,E1,component1,6,glycerol,4,2,452
P4,B2,component2,6,glycerol,4,2,456
P4,F2,component2,6,glycerol,4,2,460
P4,A3,component2,6,glycerol,4,2,464
P4,C3,component2,6,glycerol,4,2,468
P4,D3,component2,6,glycerol,4,2,472
P4,H3,component3,6,glycerol,4,2,476
P4,C4,component3,6,glycerol,4,2,480
P4,E4,component3,6,glycerol,4,2,484
P4,F4,component3,6,glycerol,4,2,488
P4,A5,component3,6,glycerol,4,2,492
P4,C5,component3,6,glycerol,4,2,496
P4,D5,component3,6,glycerol,4,2,500
P4,F5,component3,6,glycerol,4,2,504
P4,G5,component3,6,glycerol,4,2,508
P4,H5,component3,6,glycerol,4,2,512
P4,F6,component1,6,glycerol,4,2,516
P4,C7,component2,6,glycerol,4,2,520
P4,G7,component2,6,glycerol,4,2,524
P4,B8,component2,6,glycerol,4,2,528
P4,D8,component2,6,glycerol,4,2,532
P4,E8,component2,6,glycerol,4,2,536
P4,A9,component3,6,glycerol,4,2,540
P4,D9,component3,6,glycerol,4,2,544
P4,F9,component3,6,glycerol,4,2,548
P4,G9,component3,6,glycerol,4,2,552
P4,B10,component3,6,glycerol,4,2,556
P4,D10,component3,6,glycerol,4,2,560
P4,E10,component3,6,glycerol,4,2,564
P4,G10,component3,6,glycerol,4,2,568
P4,H10,component3,6,glycerol,4,2,572
P4,A11,component3,6,glycerol,4,2,576
P4,G11,component1,6,glycerol,4,2,580
P4,D12,component2,6,glycerol,4,2,584
P4,H12,component2,6,glycerol,4,2,588
P4,A1,component4,7,yeast_extract,4,2,500
P4,B1,component4,7,yeast_extract,4,2,504
P4,C1,component4,7,yeast_extract,4,2,508
P4,D1,component4,7,yeast_extract,4,2,512
P4,E1,component4,7,yeast_extract,4,2,516
P4,F1,component4,7,yeast_extract,4,2,520
P4,G1,component4,7,yeast_extract,4,2,524
P4,H1,component4,7,yeast_extract,4,2,528
P4,A2,component4,7,yeast_extract,4,2,532
P4,B2,component4,7,yeast_extract,4,2,536
P4,C2,component4,7,yeast_extract,4,2,540
P4,D2,component4,7,yeast_extract,4,2,544
P4,E2,component4,7,yeast_extract,4,2,548
P4,F2,component4,7,yeast_extract,4,2,552
P4,G2,component4,7,yeast_extract,4,2,556
P4,H2,component4,7,yeast_extract,4,2,560
P4,A3,component4,7,yeast_extract,4,2,564
P4,B3,component4,7,yeast_extract,4,2,568
P4,C3,component4,7,yeast_extract,4,2,572
P4,D3,component4,7,yeast_extract,4,2,576
P4,E3,component4,7,yeast_extract,4,2,580
P4,F3,component4,7,yeast_extract,4,2,584
P4,G3,component4,7,yeast_extract,4,2,588
P4,H3,component4,7,yeast_extract,4,2,592
P4,A4,component4,7,yeast_extract,4,2,596
P4,B4,component4,7,yeast_extract,4,2,600
P4,C4,component4,7,yeast_extract,4,2,604
P4,D4,component4,7,yeast_extract,4,2,608
P4,E4,component4,7,yeast_extract,4,2,612
P4,F4,component4,7,yeast_extract,4,2,616
P4,G4,component4,7,yeast_extract,4,2,620
P4,H4,component4,7,yeast_extract,4,2,624
P4,A5,component4,7,yeast_extract,4,2,628
P4,B5,component4,7,yeast_extract,4,2,632
P4,C5,component4,7,yeast_extract,4,2,636
P4,D5,component4,7,yeast_extract,4,2,640
P4,E5,component4,7,yeast_extract,4,2,644
P4,F5,component4,7,yeast_extract,4,2,648
P4,G5,component4,7,yeast_extract,4,2,652
P4,H5,component4,7,yeast_extract,4,2,656
P4,A6,component4,7,yeast_extract,4,2,660
P4,B6,component4,7,yeast_extract,4,2,664
P4,C6,component4,7,yeast_extract,4,2,668
P4,D6,component4,7,yeast_extract,4,2,672
P4,E6,component4,7,yeast_extract,4,2,676
P4,F6,component4,7,yeast_extract,4,2,680
P4,G6,component4,7,yeast_extract,4,2,684
P4,H6,component4,7,yeast_extract,4,2,688
P4,A7,component4,7,yeast_extract,4,2,692
P4,B7,component4,7,yeast_extract,4,2,696
P4,C7,component4,7,yeast_extract,4,2,700
P4,D7,component4,7,yeast_extract,4,2,704
P4,E7,component4,7,yeast_extract,4,2,708
P4,F7,component4,7,yeast_extract,4,2,712
P4,G7,component4,7,yeast_extract,4,2,716
P4,H7,component4,7,yeast_extract,4,2,720
P4,A8,component4,7,yeast_extract,4,2,724
P4,B8,component4,7,yeast_extract,4,2,728
P4,C8,component4,7,yeast_extract,4,2,732
P4,D8,component4,7,yeast_extract,4,2,736
P4,E8,component4,7,yeast_extract,4,2,740
P4,F8,component4,7,yeast_extract,4,2,744
P4,G8,component4,7,yeast_extract,4,2,748
P4,H8,component4,7,yeast_extract,4,2,752
P4,A9,component4,7,yeast_extract,4,2,756
P4,B9,component4,7,yeast_extract,4,2,760
P4,C9,component4,7,yeast_extract,4,2,764
P4,D9,component4,7,yeast_extract,4,2,768
P4,E9,component4,7,yeast_extract,4,2,772
P4,F9,component4,7,yeast_extract,4,2,776
P4,G9,component4,7,yeast_extract,4,2,780
P4,H9,component4,7,yeast_extract,4,2,784
P4,A10,component4,7,yeast_extract,4,2,788
P4,B10,component4,7,yeast_extract,4,2,792
P4,C10,component4,7,yeast_extract,4,2,796
P4,D10,component4,7,yeast_extract,4,2,800
P4,E10,component4,7,yeast_extract,4,2,804
P4,F10,component4,7,yeast_extract,4,2,808
P4,G10,component4,7,yeast_extract,4,2,812
P4,H10,component4,7,yeast_extract,4,2,816
P4,A11,component4,7,yeast_extract,4,2,820
P5,G1,component1,1,glucose,2,2,302
P5,H1,component1,1,glucose,2,2,304
P5,A2,component1,1,glucose,2,2,306
P5,B2,component1,1,glucose,2,2,308
P5,C2,component1,1,glucose,2,2,310
P5,D2,component1,1,glucose,2,2,312
P5,E2,component1,1,glucose,2,2,314
P5,F2,component1,1,glucose,2,2,316
P5,G2,component1,1,glucose,2,2,318
P5,H2,component1,1,glucose,2,2,320
P5,C4,component1,1,glucose,2,2,322
P5,A5,component1,1,glucose,2,2,324
P5,B5,component1,1,glucose,2,2,326
P5,C5,component1,1,glucose,2,2,328
P5,D5,component1,1,glucose,2,2,330
P5,E5,component1,1,glucose,2,2,332
P5,H6,component1,1,glucose,2,2,334
P5,A7,component1,1,glucose,2,2,336
P5,B7,component1,1,glucose,2,2,338
P5,C7,component1,1,glucose,2,2,340
P5,D7,component1,1,glucose,2,2,342
P5,E7,component1,1,glucose,2,2,344
P5,F7,component1,1,glucose,2,2,346
P5,G7,component1,1,glucose,2,2,348
P5,H7,component1,1,glucose,2,2,350
P5,A8,component1,1,glucose,2,2,352
P5,D9,component1,1,glucose,2,2,354
P5,B10,component1,1,glucose,2,2,356
P5,C10,component1,1,glucose,2,2,358
P5,D10,component1,1,glucose,2,2,360
P5,E10,component1,1,glucose,2,2,362
P5,F10,component1,1,glucose,2,2,364
P5,A12,component1,1,glucose,2,2,366
P5,B12,component1,1,glucose,2,2,368
P5,C12,component1,1,glucose,2,2,370
P5,D12,component1,1,glucose,2,2,372
P5,E12,component1,1,glucose,2,2,374
P5,F12,component1,1,glucose,2,2,376
P5,G12,component1,1,glucose,2,2,378
P5,H12,component1,1,glucose,2,2,380
P5,D9,component5,11,malt_extract,4,2,332
P5,E9,component5,11,malt_extract,4,2,336
P5,F9,component5,11,malt_extract,4,2,340
P5,G9,component5,11,malt_extract,4,2,344
P5,H9,component5,11,malt_extract,4,2,348
P5,A10,component5,11,malt_extract,4,2,352
P5,B10,component5,11,malt_extract,4,2,356
P5,C10,component5,11,malt_extract,4,2,360
P5,D10,component5,11,malt_extract,4,2,364
P5,E10,component5,11,malt_extract,4,2,368
P5,F10,component5,11,malt_extract,4,2,372
P5,G10,component5,11,malt_extract,4,2,376
P5,H10,component5,11,malt_extract,4,2,380
P5,A11,component5,11,malt_extract,4,2,384
P5,B11,component5,11,malt_extract,4,2,388
P5,C11,component5,11,malt_extract,4,2,392
P5,D11,component5,11,malt_extract,4,2,396
P5,E11,component5,11,malt_extract,4,2,400
P5,F11,component5,11,malt_extract,4,2,404
P5,G11,component5,11,malt_extract,4,2,408
P5,H11,component5,11,malt_extract,4,2,412
P5,A12,component5,11,malt_extract,4,2,416
P5,B12,component5,11,malt_extract,4,2,420
P5,C12,component5,11,malt_extract,4,2,424
P5,D12,component5,11,malt_extract,4,2,428
P5,E12,component5,11,malt_extract,4,2,432
P5,F12,component5,11,malt_extract,4,2,436
P5,G12,component5,11,malt_extract,4,2,440
P5,H12,component5,11,malt_extract,4,2,444
P5,G1,component2,2,k2hpo4,2,2,302
P5,H1,component2,2,k2hpo4,2,2,304
P5,A2,component2,2,k2hpo4,2,2,306
P5,B2,component2,2,k2hpo4,2,2,308
P5,A3,component1,2,k2hpo4,2,2,310
P5,B3,component1,2,k2hpo4,2,2,312
P5,C3,component1,2,k2hpo4,2,2,314
P5,D3,component1,2,k2hpo4,2,2,316
P5,E3,component1,2,k2hpo4,2,2,318
P5,F3,component1,2,k2hpo4,2,2,320
P5,D4,component1,2,k2hpo4,2,2,322
P5,A5,component2,2,k2hpo4,2,2,324
P5,F5,component1,2,k2hpo4,2,2,326
P5,G5,component1,2,k2hpo4,2,2,328
P5,H5,component1,2,k2hpo4,2,2,330
P5,A6,component1,2,k2hpo4,2,2,332
P5,H6,component2,2,k2hpo4,2,2,334
P5,A7,component2,2,k2hpo4,2,2,336
P5,B7,component2,2,k2hpo4,2,2,338
P5,C7,component2,2,k2hpo4,2,2,340
P5,B8,component1,2,k2hpo4,2,2,342
P5,C8,component1,2,k2hpo4,2,2,344
P5,D8,component1,2,k2hpo4,2,2,346
P5,E8,component1,2,k2hpo4,2,2,348
P5,F8,component1,2,k2hpo4,2,2,350
P5,G8,component1,2,k2hpo4,2,2,352
P5,E9,component1,2,k2hpo4,2,2,354
P5,B10,component2,2,k2hpo4,2,2,356
P5,G10,component1,2,k2hpo4,2,2,358
P5,H10,component1,2,k2hpo4,2,2,360
P5,A11,component1,2,k2hpo4,2,2,362
P5,B11,component1,2,k2hpo4,2,2,364
P5,A12,component2,2,k2hpo4,2,2,366
P5,B12,component2,2,k2hpo4,2,2,368
P5,C12,component2,2,k2hpo4,2,2,370
P5,D12,component2,2,k2hpo4,2,2,372
P5,A1,component1,3,mgso4_x_7_h2o,2,2,296
P5,B1,component1,3,mgso4_x_7_h2o,2,2,298
P5,C1,component1,3,mgso4_x_7_h2o,2,2,300
P5,G1,component3,3,mgso4_x_7_h2o,2,2,302
P5,C2,component2,3,mgso4_x_7_h2o,2,2,304
P5,D2,component2,3,mgso4_x_7_h2o,2,2,306
P5,E2,component2,3,mgso4_x_7_h2o,2,2,308
P5,A3,component2,3,mgso4_x_7_h2o,2,2,310
P5,B3,component2,3,mgso4_x_7_h2o,2,2,312
P5,C3,component2,3,mgso4_x_7_h2o,2,2,314
P5,G3,component1,3,mgso4_x_7_h2o,2,2,316
P5,H3,component1,3,mgso4_x_7_h2o,2,2,318
P5,A4,component1,3,mgso4_x_7_h2o,2,2,320
P5,E4,component1,3,mgso4_x_7_h2o,2,2,322
P5,B5,component2,3,mgso4_x_7_h2o,2,2,324
P5,F5,component2,3,mgso4_x_7_h2o,2,2,326
P5,B6,component1,3,mgso4_x_7_h2o,2,2,328
P5,C6,component1,3,mgso4_x_7_h2o,2,2,330
P5,D6,component1,3,mgso4_x_7_h2o,2,2,332
P5,H6,component3,3,mgso4_x_7_h2o,2,2,334
P5,D7,component2,3,mgso4_x_7_h2o,2,2,336
P5,E7,component2,3,mgso4_x_7_h2o,2,2,338
P5,F7,component2,3,mgso4_x_7_h2o,2,2,340
P5,B8,component2,3,mgso4_x_7_h2o,2,2,342
P5,C8,component2,3,mgso4_x_7_h2o,2,2,344
P5,D8,component2,3,mgso4_x_7_h2o,2,2,346
P5,H8,component1,3,mgso4_x_7_h2o,2,2,348
P5,A9,component1,3,mgso4_x_7_h2o,2,2,350
P5,B9,component1,3,mgso4_x_7_h2o,2,2,352
P5,F9,component1,3,mgso4_x_7_h2o,2,2,354
P5,C10,component2,3,mgso4_x_7_h2o,2,2,356
P5,G10,component2,3,mgso4_x_7_h2o,2,2,358
P5,C11,component1,3,mgso4_x_7_h2o,2,2,360
P5,D11,component1,3,mgso4_x_7_h2o,2,2,362
P5,E11,component1,3,mgso4_x_7_h2o,2,2,364
P5,A12,component3,3,mgso4_x_7_h2o,2,2,366
P5,E12,component2,3,mgso4_x_7_h2o,2,2,368
P5,F12,component2,3,mgso4_x_7_h2o,2,2,370
P5,G12,component2,3,mgso4_x_7_h2o,2,2,372
P5,A1,component2,4,nacl,2,2,296
P5,D1,component1,4,nacl,2,2,298
P5,E1,component1,4,nacl,2,2,300
P5,H1,component3,4,nacl,2,2,302
P5,C2,component3,4,nacl,2,2,304
P5,F2,component2,4,nacl,2,2,306
P5,G2,component2,4,nacl,2,2,308
P5,A3,component3,4,nacl,2,2,310
P5,D3,component2,4,nacl,2,2,312
P5,E3,component2,4,nacl,2,2,314
P5,G3,component2,4,nacl,2,2,316
P5,H3,component2,4,nacl,2,2,318
P5,B4,component1,4,nacl,2,2,320
P5,F4,component1,4,nacl,2,2,322
P5,C5,component2,4,nacl,2,2,324
P5,G5,component2,4,nacl,2,2,326
P5,B6,component2,4,nacl,2,2,328
P5,E6,component1,4,nacl,2,2,330
P5,F6,component1,4,nacl,2,2,332
P5,A7,component3,4,nacl,2,2,334
P5,D7,component3,4,nacl,2,2,336
P5,G7,component2,4,nacl,2,2,338
P5,H7,component2,4,nacl,2,2,340
P5,B8,component3,4,nacl,2,2,342
P5,E8,component2,4,nacl,2,2,344
P5,F8,component2,4,nacl,2,2,346
P5,H8,component2,4,nacl,2,2,348
P5,A9,component2,4,nacl,2,2,350
P5,C9,component1,4,nacl,2,2,352
P5,G9,component1,4,nacl,2,2,354
P5,D10,component2,4,nacl,2,2,356
P5,H10,component2,4,nacl,2,2,358
P5,C11,component2,4,nacl,2,2,360
P5,F11,component1,4,nacl,2,2,362
P5,G11,component1,4,nacl,2,2,364
P5,B12,component3,4,nacl,2,2,366
P5,E12,component3,4,nacl,2,2,368
P5,H12,component2,4,nacl,2,2,370
P5,B1,component2,5,l_asparagine,2,2,296
P5,D1,component2,5,l_asparagine,2,2,298
P5,F1,component1,5,l_asparagine,2,2,300
P5,A2,component3,5,l_asparagine,2,2,302
P5,D2,component3,5,l_asparagine,2,2,304
P5,F2,component3,5,l_asparagine,2,2,306
P5,H2,component2,5,l_asparagine,2,2,308
P5,B3,component3,5,l_asparagine,2,2,310
P5,D3,component3,5,l_asparagine,2,2,312
P5,F3,component2,5,l_asparagine,2,2,314
P5,G3,component3,5,l_asparagine,2,2,316
P5,A4,component2,5,l_asparagine,2,2,318
P5,B4,component2,5,l_asparagine,2,2,320
P5,G4,component1,5,l_asparagine,2,2,322
P5,D5,component2,5,l_asparagine,2,2,324
P5,H5,component2,5,l_asparagine,2,2,326
P5,C6,component2,5,l_asparagine,2,2,328
P5,E6,component2,5,l_asparagine,2,2,330
P5,G6,component1,5,l_asparagine,2,2,332
P5,B7,component3,5,l_asparagine,2,2,334
P5,E7,component3,5,l_asparagine,2,2,336
P5,G7,component3,5,l_asparagine,2,2,338
P5,A8,component2,5,l_asparagine,2,2,340
P5,C8,component3,5,l_asparagine,2,2,342
P5,E8,component3,5,l_asparagine,2,2,344
P5,G8,component2,5,l_asparagine,2,2,346
P5,H8,component3,5,l_asparagine,2,2,348
P5,B9,component2,5,l_asparagine,2,2,350
P5,C9,component2,5,l_asparagine,2,2,352
P5,H9,component1,5,l_asparagine,2,2,354
P5,E10,component2,5,l_asparagine,2,2,356
P5,A11,component2,5,l_asparagine,2,2,358
P5,D11,component2,5,l_asparagine,2,2,360
P5,F11,component2,5,l_asparagine,2,2,362
P5,H11,component1,5,l_asparagine,2,2,364
P5,C12,component3,5,l_asparagine,2,2,366
P5,F12,component3,5,l_asparagine,2,2,368
P5,H12,component3,5,l_asparagine,2,2,370
P5,C1,component2,6,glycerol,4,2,592
P5,E1,component2,6,glycerol,4,2,596
P5,F1,component2,6,glycerol,4,2,600
P5,B2,component3,6,glycerol,4,2,604
P5,E2,component3,6,glycerol,4,2,608
P5,G2,component3,6,glycerol,4,2,612
P5,H2,component3,6,glycerol,4,2,616
P5,C3,component3,6,glycerol,4,2,620
P5,E3,component3,6,glycerol,4,2,624
P5,F3,component3,6,glycerol,4,2,628
P5,H3,component3,6,glycerol,4,2,632
P5,A4,component3,6,glycerol,4,2,636
P5,B4,component3,6,glycerol,4,2,640
P5,H4,component1,6,glycerol,4,2,644
P5,E5,component2,6,glycerol,4,2,648
P5,A6,component2,6,glycerol,4,2,652
P5,D6,component2,6,glycerol,4,2,656
P5,F6,component2,6,glycerol,4,2,660
P5,G6,component2,6,glycerol,4,2,664
P5,C7,component3,6,glycerol,4,2,668
P5,F7,component3,6,glycerol,4,2,672
P5,H7,component3,6,glycerol,4,2,676
P5,A8,component3,6,glycerol,4,2,680
P5,D8,component3,6,glycerol,4,2,684
P5,F8,component3,6,glycerol,4,2,688
P5,G8,component3,6,glycerol,4,2,692
P5,A9,component3,6,glycerol,4,2,696
P5,B9,component3,6,glycerol,4,2,700
P5,C9,component3,6,glycerol,4,2,704
P5,A10,component1,6,glycerol,4,2,708
P5,F10,component2,6,glycerol,4,2,712
P5,B11,component2,6,glycerol,4,2,716
P5,E11,component2,6,glycerol,4,2,720
P5,G11,component2,6,glycerol,4,2,724
P5,H11,component2,6,glycerol,4,2,728
P5,D12,component3,6,glycerol,4,2,732
P5,G12,component3,6,glycerol,4,2,736
P5,E4,component4,8,beef_extract,2,2,252
P5,F4,component4,8,beef_extract,2,2,254
P5,G4,component4,8,beef_extract,2,2,256
P5,H4,component4,8,beef_extract,2,2,258
P5,A5,component4,8,beef_extract,2,2,260
P5,B5,component4,8,beef_extract,2,2,262
P5,C5,component4,8,beef_extract,2,2,264
P5,D5,component4,8,beef_extract,2,2,266
P5,E5,component4,8,beef_extract,2,2,268
P5,F5,component4,8,beef_extract,2,2,270
P5,G5,component4,8,beef_extract,2,2,272
P5,H5,component4,8,beef_extract,2,2,274
P5,A6,component4,8,beef_extract,2,2,276
P5,B6,component4,8,beef_extract,2,2,278
P5,C6,component4,8,beef_extract,2,2,280
P5,D6,component4,8,beef_extract,2,2,282
P5,E6,component4,8,beef_extract,2,2,284
P5,F6,component4,8,beef_extract,2,2,286
P5,G6,component4,8,beef_extract,2,2,288
P5,H6,component4,8,beef_extract,2,2,290
P5,A7,component4,8,beef_extract,2,2,292
P5,B7,component4,8,beef_extract,2,2,294
P5,C7,component4,8,beef_extract,2,2,296
P5,D7,component4,8,beef_extract,2,2,298
P5,E7,component4,8,beef_extract,2,2,300
P5,F7,component4,8,beef_extract,2,2,302
P5,G7,component4,8,beef_extract,2,2,304
P5,H7,component4,8,beef_extract,2,2,306
P5,A8,component4,8,beef_extract,2,2,308
P5,B8,component4,8,beef_extract,2,2,310
P5,C8,component4,8,beef_extract,2,2,312
P5,D8,component4,8,beef_extract,2,2,314
P5,E8,component4,8,beef_extract,2,2,316
P5,F8,component4,8,beef_extract,2,2,318
P5,G8,component4,8,beef_extract,2,2,320
P5,H8,component4,8,beef_extract,2,2,322
P5,A9,component4,8,beef_extract,2,2,324
P5,B9,component4,8,beef_extract,2,2,326
P5,C9,component4,8,beef_extract,2,2,328
P5,D9,component4,8,beef_extract,2,2,330
P5,E9,component4,8,beef_extract,2,2,332
P5,F9,component4,8,beef_extract,2,2,334
P5,G9,component4,8,beef_extract,2,2,336
P5,H9,component4,8,beef_extract,2,2,338
P5,A10,component4,8,beef_extract,2,2,340
P5,B10,component4,8,beef_extract,2,2,342
P5,C10,component4,8,beef_extract,2,2,344
P5,D10,component4,8,beef_extract,2,2,346
P5,E10,component4,8,beef_extract,2,2,348
P5,F10,component4,8,beef_extract,2,2,350
P5,G10,component4,8,beef_extract,2,2,352
P5,H10,component4,8,beef_extract,2,2,354
P5,A11,component4,8,beef_extract,2,2,356
P5,B11,component4,8,beef_extract,2,2,358
P5,C11,component4,8,beef_extract,2,2,360
P5,D11,component4,8,beef_extract,2,2,362
P5,E11,component4,8,beef_extract,2,2,364
P5,F11,component4,8,beef_extract,2,2,366
P5,G11,component4,8,beef_extract,2,2,368
P5,H11,component4,8,beef_extract,2,2,370
P5,A12,component4,8,beef_extract,2,2,372
P5,B12,component4,8,beef_extract,2,2,374
P5,C12,component4,8,beef_extract,2,2,376
P5,D12,component4,8,beef_extract,2,2,378
P5,E12,component4,8,beef_extract,2,2,380
P5,F12,component4,8,beef_extract,2,2,382
P5,G12,component4,8,beef_extract,2,2,384
P5,H12,component4,8,beef_extract,2,2,386
P6,A1,component1,1,glucose,2,2,382
P6,B1,component1,1,glucose,2,2,384
P6,E2,component1,1,glucose,2,2,386
P6,C3,component1,1,glucose,2,2,388
P6,D3,component1,1,glucose,2,2,390
P6,E3,component1,1,glucose,2,2,392
P6,F3,component1,1,glucose,2,2,394
P6,G3,component1,1,glucose,2,2,396
P6,B5,component1,1,glucose,2,2,398
P6,C5,component1,1,glucose,2,2,400
P6,D5,component1,1,glucose,2,2,402
P6,E5,component1,1,glucose,2,2,404
P6,F5,component1,1,glucose,2,2,406
P6,G5,component1,1,glucose,2,2,408
P6,H5,component1,1,glucose,2,2,410
P6,A6,component1,1,glucose,2,2,412
P6,B6,component1,1,glucose,2,2,414
P6,C6,component1,1,glucose,2,2,416
P6,F7,component1,1,glucose,2,2,418
P6,D8,component1,1,glucose,2,2,420
P6,E8,component1,1,glucose,2,2,422
P6,F8,component1,1,glucose,2,2,424
P6,G8,component1,1,glucose,2,2,426
P6,H8,component1,1,glucose,2,2,428
P6,C10,component1,1,glucose,2,2,430
P6,D10,component1,1,glucose,2,2,432
P6,E10,component1,1,glucose,2,2,434
P6,F10,component1,1,glucose,2,2,436
P6,G10,component1,1,glucose,2,2,438
P6,H10,component1,1,glucose,2,2,440
P6,A11,component1,1,glucose,2,2,442
P6,B11,component1,1,glucose,2,2,444
P6,C11,component1,1,glucose,2,2,446
P6,D11,component1,1,glucose,2,2,448
P6,G12,component1,1,glucose,2,2,450
P6,G2,component5,10,peptone,2,2,252
P6,H2,component5,10,peptone,2,2,254
P6,A3,component5,10,peptone,2,2,256
P6,B3,component5,10,peptone,2,2,258
P6,C3,component5,10,peptone,2,2,260
P6,D3,component5,10,peptone,2,2,262
P6,E3,component5,10,peptone,2,2,264
P6,F3,component5,10,peptone,2,2,266
P6,G3,component5,10,peptone,2,2,268
P6,H3,component5,10,peptone,2,2,270
P6,A4,component5,10,peptone,2,2,272
P6,B4,component5,10,peptone,2,2,274
P6,C4,component5,10,peptone,2,2,276
P6,D4,component5,10,peptone,2,2,278
P6,E4,component5,10,peptone,2,2,280
P6,F4,component5,10,peptone,2,2,282
P6,G4,component5,10,peptone,2,2,284
P6,H4,component5,10,peptone,2,2,286
P6,A5,component5,10,peptone,2,2,288
P6,B5,component5,10,peptone,2,2,290
P6,C5,component5,10,peptone,2,2,292
P6,D5,component5,10,peptone,2,2,294
P6,E5,component5,10,peptone,2,2,296
P6,F5,component5,10,peptone,2,2,298
P6,G5,component5,10,peptone,2,2,300
P6,H5,component5,10,peptone,2,2,302
P6,A6,component5,10,peptone,2,2,304
P6,B6,component5,10,peptone,2,2,306
P6,C6,component5,10,peptone,2,2,308
P6,D6,component5,10,peptone,2,2,310
P6,E6,component5,10,peptone,2,2,312
P6,F6,component5,10,peptone,2,2,314
P6,G6,component5,10,peptone,2,2,316
P6,H6,component5,10,peptone,2,2,318
P6,A7,component5,10,peptone,2,2,320
P6,B7,component5,10,peptone,2,2,322
P6,C7,component5,10,peptone,2,2,324
P6,D7,component5,10,peptone,2,2,326
P6,E7,component5,10,peptone,2,2,328
P6,G12,component4,10,peptone,2,2,330
P6,H12,component4,10,peptone,2,2,332
P6,A1,component5,11,malt_extract,4,2,448
P6,B1,component5,11,malt_extract,4,2,452
P6,C1,component5,11,malt_extract,4,2,456
P6,D1,component5,11,malt_extract,4,2,460
P6,E1,component5,11,malt_extract,4,2,464
P6,F1,component5,11,malt_extract,4,2,468
P6,G1,component5,11,malt_extract,4,2,472
P6,H1,component5,11,malt_extract,4,2,476
P6,A2,component5,11,malt_extract,4,2,480
P6,B2,component5,11,malt_extract,4,2,484
P6,C2,component5,11,malt_extract,4,2,488
P6,D2,component5,11,malt_extract,4,2,492
P6,F7,component5,11,malt_extract,4,2,496
P6,G7,component5,11,malt_extract,4,2,500
P6,H7,component5,11,malt_extract,4,2,504
P6,A8,component5,11,malt_extract,4,2,508
P6,B8,component5,11,malt_extract,4,2,512
P6,C8,component5,11,malt_extract,4,2,516
P6,D8,component5,11,malt_extract,4,2,520
P6,E8,component5,11,malt_extract,4,2,524
P6,F8,component5,11,malt_extract,4,2,528
P6,G8,component5,11,malt_extract,4,2,532
P6,H8,component5,11,malt_extract,4,2,536
P6,A9,component5,11,malt_extract,4,2,540
P6,B9,component5,11,malt_extract,4,2,544
P6,C9,component5,11,malt_extract,4,2,548
P6,D9,component5,11,malt_extract,4,2,552
P6,E9,component5,11,malt_extract,4,2,556
P6,F9,component5,11,malt_extract,4,2,560
P6,G9,component5,11,malt_extract,4,2,564
P6,H9,component5,11,malt_extract,4,2,568
P6,A10,component5,11,malt_extract,4,2,572
P6,B10,component5,11,malt_extract,4,2,576
P6,C10,component5,11,malt_extract,4,2,580
P6,D10,component5,11,malt_extract,4,2,584
P6,E10,component5,11,malt_extract,4,2,588
P6,F10,component5,11,malt_extract,4,2,592
P6,G10,component5,11,malt_extract,4,2,596
P6,H10,component5,11,malt_extract,4,2,600
P6,A11,component5,11,malt_extract,4,2,604
P6,B11,component5,11,malt_extract,4,2,608
P6,C11,component5,11,malt_extract,4,2,612
P6,D11,component5,11,malt_extract,4,2,616
P6,E11,component5,11,malt_extract,4,2,620
P6,F11,component5,11,malt_extract,4,2,624
P6,G11,component5,11,malt_extract,4,2,628
P6,H11,component5,11,malt_extract,4,2,632
P6,A12,component5,11,malt_extract,4,2,636
P6,B12,component5,11,malt_extract,4,2,640
P6,C12,component5,11,malt_extract,4,2,644
P6,D12,component5,11,malt_extract,4,2,648
P6,E12,component5,11,malt_extract,4,2,652
P6,F12,component5,11,malt_extract,4,2,656
P6,G12,component5,11,malt_extract,4,2,660
P6,H12,component5,11,malt_extract,4,2,664
P6,C1,component1,2,k2hpo4,2,2,374
P6,D1,component1,2,k2hpo4,2,2,376
P6,E1,component1,2,k2hpo4,2,2,378
P6,F1,component1,2,k2hpo4,2,2,380
P6,G1,component1,2,k2hpo4,2,2,382
P6,H1,component1,2,k2hpo4,2,2,384
P6,F2,component1,2,k2hpo4,2,2,386
P6,C3,component2,2,k2hpo4,2,2,388
P6,H3,component1,2,k2hpo4,2,2,390
P6,A4,component1,2,k2hpo4,2,2,392
P6,B4,component1,2,k2hpo4,2,2,394
P6,C4,component1,2,k2hpo4,2,2,396
P6,B5,component2,2,k2hpo4,2,2,398
P6,C5,component2,2,k2hpo4,2,2,400
P6,D5,component2,2,k2hpo4,2,2,402
P6,E5,component2,2,k2hpo4,2,2,404
P6,D6,component1,2,k2hpo4,2,2,406
P6,E6,component1,2,k2hpo4,2,2,408
P6,F6,component1,2,k2hpo4,2,2,410
P6,G6,component1,2,k2hpo4,2,2,412
P6,H6,component1,2,k2hpo4,2,2,414
P6,A7,component1,2,k2hpo4,2,2,416
P6,G7,component1,2,k2hpo4,2,2,418
P6,D8,component2,2,k2hpo4,2,2,420
P6,A9,component1,2,k2hpo4,2,2,422
P6,B9,component1,2,k2hpo4,2,2,424
P6,C9,component1,2,k2hpo4,2,2,426
P6,D9,component1,2,k2hpo4,2,2,428
P6,C10,component2,2,k2hpo4,2,2,430
P6,D10,component2,2,k2hpo4,2,2,432
P6,E10,component2,2,k2hpo4,2,2,434
P6,F10,component2,2,k2hpo4,2,2,436
P6,E11,component1,2,k2hpo4,2,2,438
P6,F11,component1,2,k2hpo4,2,2,440
P6,G11,component1,2,k2hpo4,2,2,442
P6,H11,component1,2,k2hpo4,2,2,444
P6,A12,component1,2,k2hpo4,2,2,446
P6,B12,component1,2,k2hpo4,2,2,448
P6,H12,component1,2,k2hpo4,2,2,450
P6,C1,component2,3,mgso4_x_7_h2o,2,2,374
P6,D1,component2,3,mgso4_x_7_h2o,2,2,376
P6,E1,component2,3,mgso4_x_7_h2o,2,2,378
P6,A2,component1,3,mgso4_x_7_h2o,2,2,380
P6,B2,component1,3,mgso4_x_7_h2o,2,2,382
P6,C2,component1,3,mgso4_x_7_h2o,2,2,384
P6,G2,component1,3,mgso4_x_7_h2o,2,2,386
P6,D3,component2,3,mgso4_x_7_h2o,2,2,388
P6,H3,component2,3,mgso4_x_7_h2o,2,2,390
P6,D4,component1,3,mgso4_x_7_h2o,2,2,392
P6,E4,component1,3,mgso4_x_7_h2o,2,2,394
P6,F4,component1,3,mgso4_x_7_h2o,2,2,396
P6,B5,component3,3,mgso4_x_7_h2o,2,2,398
P6,F5,component2,3,mgso4_x_7_h2o,2,2,400
P6,G5,component2,3,mgso4_x_7_h2o,2,2,402
P6,H5,component2,3,mgso4_x_7_h2o,2,2,404
P6,D6,component2,3,mgso4_x_7_h2o,2,2,406
P6,E6,component2,3,mgso4_x_7_h2o,2,2,408
P6,F6,component2,3,mgso4_x_7_h2o,2,2,410
P6,B7,component1,3,mgso4_x_7_h2o,2,2,412
P6,C7,component1,3,mgso4_x_7_h2o,2,2,414
P6,D7,component1,3,mgso4_x_7_h2o,2,2,416
P6,H7,component1,3,mgso4_x_7_h2o,2,2,418
P6,E8,component2,3,mgso4_x_7_h2o,2,2,420
P6,A9,component2,3,mgso4_x_7_h2o,2,2,422
P6,E9,component1,3,mgso4_x_7_h2o,2,2,424
P6,F9,component1,3,mgso4_x_7_h2o,2,2,426
P6,G9,component1,3,mgso4_x_7_h2o,2,2,428
P6,C10,component3,3,mgso4_x_7_h2o,2,2,430
P6,G10,component2,3,mgso4_x_7_h2o,2,2,432
P6,H10,component2,3,mgso4_x_7_h2o,2,2,434
P6,A11,component2,3,mgso4_x_7_h2o,2,2,436
P6,E11,component2,3,mgso4_x_7_h2o,2,2,438
P6,F11,component2,3,mgso4_x_7_h2o,2,2,440
P6,G11,component2,3,mgso4_x_7_h2o,2,2,442
P6,C12,component1,3,mgso4_x_7_h2o,2,2,444
P6,D12,component1,3,mgso4_x_7_h2o,2,2,446
P6,E12,component1,3,mgso4_x_7_h2o,2,2,448
P6,A1,component2,4,nacl,2,2,372
P6,C1,component3,4,nacl,2,2,374
P6,F1,component2,4,nacl,2,2,376
P6,G1,component2,4,nacl,2,2,378
P6,A2,component2,4,nacl,2,2,380
P6,B2,component2,4,nacl,2,2,382
P6,D2,component1,4,nacl,2,2,384
P6,H2,component1,4,nacl,2,2,386
P6,E3,component2,4,nacl,2,2,388
P6,A4,component2,4,nacl,2,2,390
P6,D4,component2,4,nacl,2,2,392
P6,G4,component1,4,nacl,2,2,394
P6,H4,component1,4,nacl,2,2,396
P6,C5,component3,4,nacl,2,2,398
P6,F5,component3,4,nacl,2,2,400
P6,A6,component2,4,nacl,2,2,402
P6,B6,component2,4,nacl,2,2,404
P6,D6,component3,4,nacl,2,2,406
P6,G6,component2,4,nacl,2,2,408
P6,H6,component2,4,nacl,2,2,410
P6,B7,component2,4,nacl,2,2,412
P6,C7,component2,4,nacl,2,2,414
P6,E7,component1,4,nacl,2,2,416
P6,A8,component1,4,nacl,2,2,418
P6,F8,component2,4,nacl,2,2,420
P6,B9,component2,4,nacl,2,2,422
P6,E9,component2,4,nacl,2,2,424
P6,H9,component1,4,nacl,2,2,426
P6,A10,component1,4,nacl,2,2,428
P6,D10,component3,4,nacl,2,2,430
P6,G10,component3,4,nacl,2,2,432
P6,B11,component2,4,nacl,2,2,434
P6,C11,component2,4,nacl,2,2,436
P6,E11,component3,4,nacl,2,2,438
P6,H11,component2,4,nacl,2,2,440
P6,A12,component2,4,nacl,2,2,442
P6,C12,component2,4,nacl,2,2,444
P6,D12,component2,4,nacl,2,2,446
P6,F12,component1,4,nacl,2,2,448
P6,B1,component2,5,l_asparagine,2,2,372
P6,D1,component3,5,l_asparagine,2,2,374
P6,F1,component3,5,l_asparagine,2,2,376
P6,H1,component2,5,l_asparagine,2,2,378
P6,A2,component3,5,l_asparagine,2,2,380
P6,C2,component2,5,l_asparagine,2,2,382
P6,D2,component2,5,l_asparagine,2,2,384
P6,A3,component1,5,l_asparagine,2,2,386
P6,F3,component2,5,l_asparagine,2,2,388
P6,B4,component2,5,l_asparagine,2,2,390
P6,E4,component2,5,l_asparagine,2,2,392
P6,G4,component2,5,l_asparagine,2,2,394
P6,A5,component1,5,l_asparagine,2,2,396
P6,D5,component3,5,l_asparagine,2,2,398
P6,G5,component3,5,l_asparagine,2,2,400
P6,A6,component3,5,l_asparagine,2,2,402
P6,C6,component2,5,l_asparagine,2,2,404
P6,E6,component3,5,l_asparagine,2,2,406
P6,G6,component3,5,l_asparagine,2,2,408
P6,A7,component2,5,l_asparagine,2,2,410
P6,B7,component3,5,l_asparagine,2,2,412
P6,D7,component2,5,l_asparagine,2,2,414
P6,E7,component2,5,l_asparagine,2,2,416
P6,B8,component1,5,l_asparagine,2,2,418
P6,G8,component2,5,l_asparagine,2,2,420
P6,C9,component2,5,l_asparagine,2,2,422
P6,F9,component2,5,l_asparagine,2,2,424
P6,H9,component2,5,l_asparagine,2,2,426
P6,B10,component1,5,l_asparagine,2,2,428
P6,E10,component3,5,l_asparagine,2,2,430
P6,H10,component3,5,l_asparagine,2,2,432
P6,B11,component3,5,l_asparagine,2,2,434
P6,D11,component2,5,l_asparagine,2,2,436
P6,F11,component3,5,l_asparagine,2,2,438
P6,H11,component3,5,l_asparagine,2,2,440
P6,B12,component2,5,l_asparagine,2,2,442
P6,C12,component3,5,l_asparagine,2,2,444
P6,E12,component2,5,l_asparagine,2,2,446
P6,F12,component2,5,l_asparagine,2,2,448
P6,A1,component3,6,glycerol,4,2,740
P6,B1,component3,6,glycerol,4,2,744
P6,E1,component3,6,glycerol,4,2,748
P6,G1,component3,6,glycerol,4,2,752
P6,H1,component3,6,glycerol,4,2,756
P6,B2,component3,6,glycerol,4,2,760
P6,C2,component3,6,glycerol,4,2,764
P6,D2,component3,6,glycerol,4,2,768
P6,B3,component1,6,glycerol,4,2,772
P6,G3,component2,6,glycerol,4,2,776
P6,C4,component2,6,glycerol,4,2,780
P6,F4,component2,6,glycerol,4,2,784
P6,H4,component2,6,glycerol,4,2,788
P6,A5,component2,6,glycerol,4,2,792
P6,E5,component3,6,glycerol,4,2,796
P6,H5,component3,6,glycerol,4,2,800
P6,B6,component3,6,glycerol,4,2,804
P6,C6,component3,6,glycerol,4,2,808
P6,F6,component3,6,glycerol,4,2,812
P6,H6,component3,6,glycerol,4,2,816
P6,A7,component3,6,glycerol,4,2,820
P6,C7,component3,6,glycerol,4,2,824
P6,D7,component3,6,glycerol,4,2,828
P6,E7,component3,6,glycerol,4,2,832
P6,C8,component1,6,glycerol,4,2,836
P6,H8,component2,6,glycerol,4,2,840
P6,D9,component2,6,glycerol,4,2,844
P6,G9,component2,6,glycerol,4,2,848
P6,A10,component2,6,glycerol,4,2,852
P6,B10,component2,6,glycerol,4,2,856
P6,F10,component3,6,glycerol,4,2,860
P6,A11,component3,6,glycerol,4,2,864
P6,C11,component3,6,glycerol,4,2,868
P6,D11,component3,6,glycerol,4,2,872
P6,G11,component3,6,glycerol,4,2,876
P6,A12,component3,6,glycerol,4,2,880
P6,B12,component3,6,glycerol,4,2,884
P6,D12,component3,6,glycerol,4,2,888
P6,E12,component3,6,glycerol,4,2,892
P6,F12,component3,6,glycerol,4,2,896
P6,A1,component4,8,beef_extract,2,2,388
P6,B1,component4,8,beef_extract,2,2,390
P6,C1,component4,8,beef_extract,2,2,392
P6,D1,component4,8,beef_extract,2,2,394
P6,E1,component4,8,beef_extract,2,2,396
P6,F1,component4,8,beef_extract,2,2,398
P6,G1,component4,8,beef_extract,2,2,400
P6,H1,component4,8,beef_extract,2,2,402
P6,A2,component4,8,beef_extract,2,2,404
P6,B2,component4,8,beef_extract,2,2,406
P6,C2,component4,8,beef_extract,2,2,408
P6,D2,component4,8,beef_extract,2,2,410
P6,G2,component4,9,n_z_amine,2,2,252
P6,H2,component4,9,n_z_amine,2,2,254
P6,A3,component4,9,n_z_amine,2,2,256
P6,B3,component4,9,n_z_amine,2,2,258
P6,C3,component4,9,n_z_amine,2,2,260
P6,D3,component4,9,n_z_amine,2,2,262
P6,E3,component4,9,n_z_amine,2,2,264
P6,F3,component4,9,n_z_amine,2,2,266
P6,G3,component4,9,n_z_amine,2,2,268
P6,H3,component4,9,n_z_amine,2,2,270
P6,A4,component4,9,n_z_amine,2,2,272
P6,B4,component4,9,n_z_amine,2,2,274
P6,C4,component4,9,n_z_amine,2,2,276
P6,D4,component4,9,n_z_amine,2,2,278
P6,E4,component4,9,n_z_amine,2,2,280
P6,F4,component4,9,n_z_amine,2,2,282
P6,G4,component4,9,n_z_amine,2,2,284
P6,H4,component4,9,n_z_amine,2,2,286
P6,A5,component4,9,n_z_amine,2,2,288
P6,B5,component4,9,n_z_amine,2,2,290
P6,C5,component4,9,n_z_amine,2,2,292
P6,D5,component4,9,n_z_amine,2,2,294
P6,E5,component4,9,n_z_amine,2,2,296
P6,F5,component4,9,n_z_amine,2,2,298
P6,G5,component4,9,n_z_amine,2,2,300
P6,H5,component4,9,n_z_amine,2,2,302
P6,A6,component4,9,n_z_amine,2,2,304
P6,B6,component4,9,n_z_amine,2,2,306
P6,C6,component4,9,n_z_amine,2,2,308
P6,D6,component4,9,n_z_amine,2,2,310
P6,E6,component4,9,n_z_amine,2,2,312
P6,F6,component4,9,n_z_amine,2,2,314
P6,G6,component4,9,n_z_amine,2,2,316
P6,H6,component4,9,n_z_amine,2,2,318
P6,A7,component4,9,n_z_amine,2,2,320
P6,B7,component4,9,n_z_amine,2,2,322
P6,C7,component4,9,n_z_amine,2,2,324
P6,D7,component4,9,n_z_amine,2,2,326
P6,E7,component4,9,n_z_amine,2,2,328
P6,F7,component4,9,n_z_amine,2,2,330
P6,G7,component4,9,n_z_amine,2,2,332
P6,H7,component4,9,n_z_amine,2,2,334
P6,A8,component4,9,n_z_amine,2,2,336
P6,B8,component4,9,n_z_amine,2,2,338
P6,C8,component4,9,n_z_amine,2,2,340
P6,D8,component4,9,n_z_amine,2,2,342
P6,E8,component4,9,n_z_amine,2,2,344
P6,F8,component4,9,n_z_amine,2,2,346
P6,G8,component4,9,n_z_amine,2,2,348
P6,H8,component4,9,n_z_amine,2,2,350
P6,A9,component4,9,n_z_amine,2,2,352
P6,B9,component4,9,n_z_amine,2,2,354
P6,C9,component4,9,n_z_amine,2,2,356
P6,D9,component4,9,n_z_amine,2,2,358
P6,E9,component4,9,n_z_amine,2,2,360
P6,F9,component4,9,n_z_amine,2,2,362
P6,G9,component4,9,n_z_amine,2,2,364
P6,H9,component4,9,n_z_amine,2,2,366
P6,A10,component4,9,n_z_amine,2,2,368
P6,B10,component4,9,n_z_amine,2,2,370
P6,C10,component4,9,n_z_amine,2,2,372
P6,D10,component4,9,n_z_amine,2,2,374
P6,E10,component4,9,n_z_amine,2,2,376
P6,F10,component4,9,n_z_amine,2,2,378
P6,G10,component4,9,n_z_amine,2,2,380
P6,H10,component4,9,n_z_amine,2,2,382
P6,A11,component4,9,n_z_amine,2,2,384
P6,B11,component4,9,n_z_amine,2,2,386
P6,C11,component4,9,n_z_amine,2,2,388
P6,D11,component4,9,n_z_amine,2,2,390
P6,E11,component4,9,n_z_amine,2,2,392
P6,F11,component4,9,n_z_amine,2,2,394
P6,G11,component4,9,n_z_amine,2,2,396
P6,H11,component4,9,n_z_amine,2,2,398
P6,A12,component4,9,n_z_amine,2,2,400
P6,B12,component4,9,n_z_amine,2,2,402
P6,C12,component4,9,n_z_amine,2,2,404
P6,D12,component4,9,n_z_amine,2,2,406
P6,E12,component4,9,n_z_amine,2,2,408
P6,F12,component4,9,n_z_amine,2,2,410
P7,E1,component1,1,glucose,2,2,452
P7,F1,component1,1,glucose,2,2,454
P7,G1,component1,1,glucose,2,2,456
P7,H1,component1,1,glucose,2,2,458
P7,A2,component1,1,glucose,2,2,460
P7,D3,component1,1,glucose,2,2,462
P7,E3,component1,1,glucose,2,2,464
P7,F3,component1,1,glucose,2,2,466
P7,G3,component1,1,glucose,2,2,468
P7,H3,component1,1,glucose,2,2,470
P7,A4,component1,1,glucose,2,2,472
P7,B4,component1,1,glucose,2,2,474
P7,C4,component1,1,glucose,2,2,476
P7,D4,component1,1,glucose,2,2,478
P7,E4,component1,1,glucose,2,2,480
P7,H5,component1,1,glucose,2,2,482
P7,F6,component1,1,glucose,2,2,484
P7,G6,component1,1,glucose,2,2,486
P7,H6,component1,1,glucose,2,2,488
P7,A7,component1,1,glucose,2,2,490
P7,B7,component1,1,glucose,2,2,492
P7,E8,component1,1,glucose,2,2,494
P7,F8,component1,1,glucose,2,2,496
P7,G8,component1,1,glucose,2,2,498
P7,H8,component1,1,glucose,2,2,500
P7,A9,component1,1,glucose,2,2,502
P7,B9,component1,1,glucose,2,2,504
P7,C9,component1,1,glucose,2,2,506
P7,D9,component1,1,glucose,2,2,508
P7,E9,component1,1,glucose,2,2,510
P7,F9,component1,1,glucose,2,2,512
P7,A11,component1,1,glucose,2,2,514
P7,G11,component1,1,glucose,2,2,516
P7,H11,component1,1,glucose,2,2,518
P7,A12,component1,1,glucose,2,2,520
P7,B12,component1,1,glucose,2,2,522
P7,C12,component1,1,glucose,2,2,524
P7,A1,component4,10,peptone,2,2,334
P7,B1,component4,10,peptone,2,2,336
P7,C1,component4,10,peptone,2,2,338
P7,D1,component4,10,peptone,2,2,340
P7,E1,component4,10,peptone,2,2,342
P7,F1,component4,10,peptone,2,2,344
P7,G1,component4,10,peptone,2,2,346
P7,H1,component4,10,peptone,2,2,348
P7,A2,component4,10,peptone,2,2,350
P7,B2,component4,10,peptone,2,2,352
P7,C2,component4,10,peptone,2,2,354
P7,D2,component4,10,peptone,2,2,356
P7,E2,component4,10,peptone,2,2,358
P7,F2,component4,10,peptone,2,2,360
P7,G2,component4,10,peptone,2,2,362
P7,H2,component4,10,peptone,2,2,364
P7,A3,component4,10,peptone,2,2,366
P7,B3,component4,10,peptone,2,2,368
P7,C3,component4,10,peptone,2,2,370
P7,D3,component4,10,peptone,2,2,372
P7,E3,component4,10,peptone,2,2,374
P7,F3,component4,10,peptone,2,2,376
P7,G3,component4,10,peptone,2,2,378
P7,H3,component4,10,peptone,2,2,380
P7,A4,component4,10,peptone,2,2,382
P7,B4,component4,10,peptone,2,2,384
P7,C4,component4,10,peptone,2,2,386
P7,D4,component4,10,peptone,2,2,388
P7,E4,component4,10,peptone,2,2,390
P7,F4,component4,10,peptone,2,2,392
P7,G4,component4,10,peptone,2,2,394
P7,H4,component4,10,peptone,2,2,396
P7,A5,component4,10,peptone,2,2,398
P7,B5,component4,10,peptone,2,2,400
P7,C5,component4,10,peptone,2,2,402
P7,D5,component4,10,peptone,2,2,404
P7,E5,component4,10,peptone,2,2,406
P7,F5,component4,10,peptone,2,2,408
P7,G5,component4,10,peptone,2,2,410
P7,A11,component6,10,peptone,2,2,412
P7,B11,component6,10,peptone,2,2,414
P7,C11,component6,10,peptone,2,2,416
P7,D11,component6,10,peptone,2,2,418
P7,E11,component6,10,peptone,2,2,420
P7,F11,component6,10,peptone,2,2,422
P7,G11,component6,10,peptone,2,2,424
P7,H11,component6,10,peptone,2,2,426
P7,A12,component6,10,peptone,2,2,428
P7,B12,component6,10,peptone,2,2,430
P7,C12,component6,10,peptone,2,2,432
P7,D12,component6,10,peptone,2,2,434
P7,E12,component6,10,peptone,2,2,436
P7,F12,component6,10,peptone,2,2,438
P7,G12,component6,10,peptone,2,2,440
P7,H12,component6,10,peptone,2,2,442
P7,A1,component5,11,malt_extract,4,2,668
P7,B1,component5,11,malt_extract,4,2,672
P7,C1,component5,11,malt_extract,4,2,676
P7,D1,component5,11,malt_extract,4,2,680
P7,E1,component5,11,malt_extract,4,2,684
P7,F1,component5,11,malt_extract,4,2,688
P7,G1,component5,11,malt_extract,4,2,692
P7,H1,component5,11,malt_extract,4,2,696
P7,A2,component5,11,malt_extract,4,2,700
P7,B2,component5,11,malt_extract,4,2,704
P7,C2,component5,11,malt_extract,4,2,708
P7,D2,component5,11,malt_extract,4,2,712
P7,E2,component5,11,malt_extract,4,2,716
P7,F2,component5,11,malt_extract,4,2,720
P7,G2,component5,11,malt_extract,4,2,724
P7,H2,component5,11,malt_extract,4,2,728
P7,A3,component5,11,malt_extract,4,2,732
P7,B3,component5,11,malt_extract,4,2,736
P7,C3,component5,11,malt_extract,4,2,740
P7,D3,component5,11,malt_extract,4,2,744
P7,E3,component5,11,malt_extract,4,2,748
P7,F3,component5,11,malt_extract,4,2,752
P7,G3,component5,11,malt_extract,4,2,756
P7,H3,component5,11,malt_extract,4,2,760
P7,A4,component5,11,malt_extract,4,2,764
P7,B4,component5,11,malt_extract,4,2,768
P7,C4,component5,11,malt_extract,4,2,772
P7,D4,component5,11,malt_extract,4,2,776
P7,E4,component5,11,malt_extract,4,2,780
P7,F4,component5,11,malt_extract,4,2,784
P7,G4,component5,11,malt_extract,4,2,788
P7,H4,component5,11,malt_extract,4,2,792
P7,A5,component5,11,malt_extract,4,2,796
P7,B5,component5,11,malt_extract,4,2,800
P7,C5,component5,11,malt_extract,4,2,804
P7,D5,component5,11,malt_extract,4,2,808
P7,E5,component5,11,malt_extract,4,2,812
P7,F5,component5,11,malt_extract,4,2,816
P7,G5,component5,11,malt_extract,4,2,820
P7,E1,component2,2,k2hpo4,2,2,452
P7,B2,component1,2,k2hpo4,2,2,454
P7,C2,component1,2,k2hpo4,2,2,456
P7,D2,component1,2,k2hpo4,2,2,458
P7,E2,component1,2,k2hpo4,2,2,460
P7,D3,component2,2,k2hpo4,2,2,462
P7,E3,component2,2,k2hpo4,2,2,464
P7,F3,component2,2,k2hpo4,2,2,466
P7,G3,component2,2,k2hpo4,2,2,468
P7,F4,component1,2,k2hpo4,2,2,470
P7,G4,component1,2,k2hpo4,2,2,472
P7,H4,component1,2,k2hpo4,2,2,474
P7,A5,component1,2,k2hpo4,2,2,476
P7,B5,component1,2,k2hpo4,2,2,478
P7,C5,component1,2,k2hpo4,2,2,480
P7,A6,component1,2,k2hpo4,2,2,482
P7,F6,component2,2,k2hpo4,2,2,484
P7,C7,component1,2,k2hpo4,2,2,486
P7,D7,component1,2,k2hpo4,2,2,488
P7,E7,component1,2,k2hpo4,2,2,490
P7,F7,component1,2,k2hpo4,2,2,492
P7,E8,component2,2,k2hpo4,2,2,494
P7,F8,component2,2,k2hpo4,2,2,496
P7,G8,component2,2,k2hpo4,2,2,498
P7,H8,component2,2,k2hpo4,2,2,500
P7,G9,component1,2,k2hpo4,2,2,502
P7,H9,component1,2,k2hpo4,2,2,504
P7,A10,component1,2,k2hpo4,2,2,506
P7,B10,component1,2,k2hpo4,2,2,508
P7,C10,component1,2,k2hpo4,2,2,510
P7,D10,component1,2,k2hpo4,2,2,512
P7,B11,component1,2,k2hpo4,2,2,514
P7,G11,component2,2,k2hpo4,2,2,516
P7,D12,component1,2,k2hpo4,2,2,518
P7,E12,component1,2,k2hpo4,2,2,520
P7,F12,component1,2,k2hpo4,2,2,522
P7,G12,component1,2,k2hpo4,2,2,524
P7,A1,component1,3,mgso4_x_7_h2o,2,2,450
P7,F1,component2,3,mgso4_x_7_h2o,2,2,452
P7,B2,component2,3,mgso4_x_7_h2o,2,2,454
P7,F2,component1,3,mgso4_x_7_h2o,2,2,456
P7,G2,component1,3,mgso4_x_7_h2o,2,2,458
P7,H2,component1,3,mgso4_x_7_h2o,2,2,460
P7,D3,component3,3,mgso4_x_7_h2o,2,2,462
P7,H3,component2,3,mgso4_x_7_h2o,2,2,464
P7,A4,component2,3,mgso4_x_7_h2o,2,2,466
P7,B4,component2,3,mgso4_x_7_h2o,2,2,468
P7,F4,component2,3,mgso4_x_7_h2o,2,2,470
P7,G4,component2,3,mgso4_x_7_h2o,2,2,472
P7,H4,component2,3,mgso4_x_7_h2o,2,2,474
P7,D5,component1,3,mgso4_x_7_h2o,2,2,476
P7,E5,component1,3,mgso4_x_7_h2o,2,2,478
P7,F5,component1,3,mgso4_x_7_h2o,2,2,480
P7,B6,component1,3,mgso4_x_7_h2o,2,2,482
P7,G6,component2,3,mgso4_x_7_h2o,2,2,484
P7,C7,component2,3,mgso4_x_7_h2o,2,2,486
P7,G7,component1,3,mgso4_x_7_h2o,2,2,488
P7,H7,component1,3,mgso4_x_7_h2o,2,2,490
P7,A8,component1,3,mgso4_x_7_h2o,2,2,492
P7,E8,component3,3,mgso4_x_7_h2o,2,2,494
P7,A9,component2,3,mgso4_x_7_h2o,2,2,496
P7,B9,component2,3,mgso4_x_7_h2o,2,2,498
P7,C9,component2,3,mgso4_x_7_h2o,2,2,500
P7,G9,component2,3,mgso4_x_7_h2o,2,2,502
P7,H9,component2,3,mgso4_x_7_h2o,2,2,504
P7,A10,component2,3,mgso4_x_7_h2o,2,2,506
P7,E10,component1,3,mgso4_x_7_h2o,2,2,508
P7,F10,component1,3,mgso4_x_7_h2o,2,2,510
P7,G10,component1,3,mgso4_x_7_h2o,2,2,512
P7,C11,component1,3,mgso4_x_7_h2o,2,2,514
P7,H11,component2,3,mgso4_x_7_h2o,2,2,516
P7,D12,component2,3,mgso4_x_7_h2o,2,2,518
P7,H12,component1,3,mgso4_x_7_h2o,2,2,520
P7,B1,component1,4,nacl,2,2,450
P7,G1,component2,4,nacl,2,2,452
P7,C2,component2,4,nacl,2,2,454
P7,F2,component2,4,nacl,2,2,456
P7,A3,component1,4,nacl,2,2,458
P7,B3,component1,4,nacl,2,2,460
P7,E3,component3,4,nacl,2,2,462
P7,H3,component3,4,nacl,2,2,464
P7,C4,component2,4,nacl,2,2,466
P7,D4,component2,4,nacl,2,2,468
P7,F4,component3,4,nacl,2,2,470
P7,A5,component2,4,nacl,2,2,472
P7,B5,component2,4,nacl,2,2,474
P7,D5,component2,4,nacl,2,2,476
P7,E5,component2,4,nacl,2,2,478
P7,G5,component1,4,nacl,2,2,480
P7,C6,component1,4,nacl,2,2,482
P7,H6,component2,4,nacl,2,2,484
P7,D7,component2,4,nacl,2,2,486
P7,G7,component2,4,nacl,2,2,488
P7,B8,component1,4,nacl,2,2,490
P7,C8,component1,4,nacl,2,2,492
P7,F8,component3,4,nacl,2,2,494
P7,A9,component3,4,nacl,2,2,496
P7,D9,component2,4,nacl,2,2,498
P7,E9,component2,4,nacl,2,2,500
P7,G9,component3,4,nacl,2,2,502
P7,B10,component2,4,nacl,2,2,504
P7,C10,component2,4,nacl,2,2,506
P7,E10,component2,4,nacl,2,2,508
P7,F10,component2,4,nacl,2,2,510
P7,H10,component1,4,nacl,2,2,512
P7,D11,component1,4,nacl,2,2,514
P7,A12,component2,4,nacl,2,2,516
P7,E12,component2,4,nacl,2,2,518
P7,H12,component2,4,nacl,2,2,520
P7,C1,component1,5,l_asparagine,2,2,450
P7,H1,component2,5,l_asparagine,2,2,452
P7,D2,component2,5,l_asparagine,2,2,454
P7,G2,component2,5,l_asparagine,2,2,456
P7,A3,component2,5,l_asparagine,2,2,458
P7,C3,component1,5,l_asparagine,2,2,460
P7,F3,component3,5,l_asparagine,2,2,462
P7,A4,component3,5,l_asparagine,2,2,464
P7,C4,component3,5,l_asparagine,2,2,466
P7,E4,component2,5,l_asparagine,2,2,468
P7,G4,component3,5,l_asparagine,2,2,470
P7,A5,component3,5,l_asparagine,2,2,472
P7,C5,component2,5,l_asparagine,2,2,474
P7,D5,component3,5,l_asparagine,2,2,476
P7,F5,component2,5,l_asparagine,2,2,478
P7,G5,component2,5,l_asparagine,2,2,480
P7,D6,component1,5,l_asparagine,2,2,482
P7,A7,component2,5,l_asparagine,2,2,484
P7,E7,component2,5,l_asparagine,2,2,486
P7,H7,component2,5,l_asparagine,2,2,488
P7,B8,component2,5,l_asparagine,2,2,490
P7,D8,component1,5,l_asparagine,2,2,492
P7,G8,component3,5,l_asparagine,2,2,494
P7,B9,component3,5,l_asparagine,2,2,496
P7,D9,component3,5,l_asparagine,2,2,498
P7,F9,component2,5,l_asparagine,2,2,500
P7,H9,component3,5,l_asparagine,2,2,502
P7,B10,component3,5,l_asparagine,2,2,504
P7,D10,component2,5,l_asparagine,2,2,506
P7,E10,component3,5,l_asparagine,2,2,508
P7,G10,component2,5,l_asparagine,2,2,510
P7,H10,component2,5,l_asparagine,2,2,512
P7,E11,component1,5,l_asparagine,2,2,514
P7,B12,component2,5,l_asparagine,2,2,516
P7,F12,component2,5,l_asparagine,2,2,518
P7,D1,component1,6,glycerol,4,2,900
P7,A2,component2,6,glycerol,4,2,904
P7,E2,component2,6,glycerol,4,2,908
P7,H2,component2,6,glycerol,4,2,912
P7,B3,component2,6,glycerol,4,2,916
P7,C3,component2,6,glycerol,4,2,920
P7,G3,component3,6,glycerol,4,2,924
P7,B4,component3,6,glycerol,4,2,928
P7,D4,component3,6,glycerol,4,2,932
P7,E4,component3,6,glycerol,4,2,936
P7,H4,component3,6,glycerol,4,2,940
P7,B5,component3,6,glycerol,4,2,944
P7,C5,component3,6,glycerol,4,2,948
P7,E5,component3,6,glycerol,4,2,952
P7,F5,component3,6,glycerol,4,2,956
P7,G5,component3,6,glycerol,4,2,960
P7,E6,component1,6,glycerol,4,2,964
P7,B7,component2,6,glycerol,4,2,968
P7,F7,component2,6,glycerol,4,2,972
P7,A8,component2,6,glycerol,4,2,976
P7,C8,component2,6,glycerol,4,2,980
P7,D8,component2,6,glycerol,4,2,984
P7,H8,component3,6,glycerol,4,2,988
P7,C9,component3,6,glycerol,4,2,992
P7,E9,component3,6,glycerol,4,2,996
P7,F9,component3,6,glycerol,4,2,1000
P7,A10,component3,6,glycerol,4,2,1004
P7,C10,component3,6,glycerol,4,2,1008
P7,D10,component3,6,glycerol,4,2,1012
P7,F10,component3,6,glycerol,4,2,1016
P7,G10,component3,6,glycerol,4,2,1020
P7,H10,component3,6,glycerol,4,2,1024
P7,F11,component1,6,glycerol,4,2,1028
P7,C12,component2,6,glycerol,4,2,1032
P7,G12,component2,6,glycerol,4,2,1036
P7,H5,component4,7,yeast_extract,4,2,824
P7,A6,component4,7,yeast_extract,4,2,828
P7,B6,component4,7,yeast_extract,4,2,832
P7,C6,component4,7,yeast_extract,4,2,836
P7,D6,component4,7,yeast_extract,4,2,840
P7,E6,component4,7,yeast_extract,4,2,844
P7,F6,component4,7,yeast_extract,4,2,848
P7,G6,component4,7,yeast_extract,4,2,852
P7,H6,component4,7,yeast_extract,4,2,856
P7,A7,component4,7,yeast_extract,4,2,860
P7,B7,component4,7,yeast_extract,4,2,864
P7,C7,component4,7,yeast_extract,4,2,868
P7,D7,component4,7,yeast_extract,4,2,872
P7,E7,component4,7,yeast_extract,4,2,876
P7,F7,component4,7,yeast_extract,4,2,880
P7,G7,component4,7,yeast_extract,4,2,884
P7,H7,component4,7,yeast_extract,4,2,888
P7,A8,component4,7,yeast_extract,4,2,892
P7,B8,component4,7,yeast_extract,4,2,896
P7,C8,component4,7,yeast_extract,4,2,900
P7,D8,component4,7,yeast_extract,4,2,904
P7,E8,component4,7,yeast_extract,4,2,908
P7,F8,component4,7,yeast_extract,4,2,912
P7,G8,component4,7,yeast_extract,4,2,916
P7,H8,component4,7,yeast_extract,4,2,920
P7,A9,component4,7,yeast_extract,4,2,924
P7,B9,component4,7,yeast_extract,4,2,928
P7,C9,component4,7,yeast_extract,4,2,932
P7,D9,component4,7,yeast_extract,4,2,936
P7,E9,component4,7,yeast_extract,4,2,940
P7,F9,component4,7,yeast_extract,4,2,944
P7,G9,component4,7,yeast_extract,4,2,948
P7,H9,component4,7,yeast_extract,4,2,952
P7,A10,component4,7,yeast_extract,4,2,956
P7,B10,component4,7,yeast_extract,4,2,960
P7,C10,component4,7,yeast_extract,4,2,964
P7,D10,component4,7,yeast_extract,4,2,968
P7,E10,component4,7,yeast_extract,4,2,972
P7,F10,component4,7,yeast_extract,4,2,976
P7,G10,component4,7,yeast_extract,4,2,980
P7,H10,component4,7,yeast_extract,4,2,984
P7,A11,component4,7,yeast_extract,4,2,988
P7,B11,component4,7,yeast_extract,4,2,992
P7,C11,component4,7,yeast_extract,4,2,996
P7,D11,component4,7,yeast_extract,4,2,1000
P7,E11,component4,7,yeast_extract,4,2,1004
P7,F11,component4,7,yeast_extract,4,2,1008
P7,G11,component4,7,yeast_extract,4,2,1012
P7,H11,component4,7,yeast_extract,4,2,1016
P7,A12,component4,7,yeast_extract,4,2,1020
P7,B12,component4,7,yeast_extract,4,2,1024
P7,C12,component4,7,yeast_extract,4,2,1028
P7,D12,component4,7,yeast_extract,4,2,1032
P7,E12,component4,7,yeast_extract,4,2,1036
P7,F12,component4,7,yeast_extract,4,2,1040
P7,G12,component4,7,yeast_extract,4,2,1044
P7,H12,component4,7,yeast_extract,4,2,1048
P7,H5,component5,8,beef_extract,2,2,412
P7,A6,component5,8,beef_extract,2,2,414
P7,B6,component5,8,beef_extract,2,2,416
P7,C6,component5,8,beef_extract,2,2,418
P7,D6,component5,8,beef_extract,2,2,420
P7,E6,component5,8,beef_extract,2,2,422
P7,F6,component5,8,beef_extract,2,2,424
P7,G6,component5,8,beef_extract,2,2,426
P7,H6,component5,8,beef_extract,2,2,428
P7,A7,component5,8,beef_extract,2,2,430
P7,B7,component5,8,beef_extract,2,2,432
P7,C7,component5,8,beef_extract,2,2,434
P7,D7,component5,8,beef_extract,2,2,436
P7,E7,component5,8,beef_extract,2,2,438
P7,F7,component5,8,beef_extract,2,2,440
P7,G7,component5,8,beef_extract,2,2,442
P7,H7,component5,8,beef_extract,2,2,444
P7,A8,component5,8,beef_extract,2,2,446
P7,B8,component5,8,beef_extract,2,2,448
P7,C8,component5,8,beef_extract,2,2,450
P7,D8,component5,8,beef_extract,2,2,452
P7,E8,component5,8,beef_extract,2,2,454
P7,F8,component5,8,beef_extract,2,2,456
P7,G8,component5,8,beef_extract,2,2,458
P7,H8,component5,8,beef_extract,2,2,460
P7,A9,component5,8,beef_extract,2,2,462
P7,B9,component5,8,beef_extract,2,2,464
P7,C9,component5,8,beef_extract,2,2,466
P7,D9,component5,8,beef_extract,2,2,468
P7,E9,component5,8,beef_extract,2,2,470
P7,F9,component5,8,beef_extract,2,2,472
P7,G9,component5,8,beef_extract,2,2,474
P7,H9,component5,8,beef_extract,2,2,476
P7,A10,component5,8,beef_extract,2,2,478
P7,B10,component5,8,beef_extract,2,2,480
P7,C10,component5,8,beef_extract,2,2,482
P7,D10,component5,8,beef_extract,2,2,484
P7,E10,component5,8,beef_extract,2,2,486
P7,F10,component5,8,beef_extract,2,2,488
P7,G10,component5,8,beef_extract,2,2,490
P7,H10,component5,8,beef_extract,2,2,492
P7,A11,component5,8,beef_extract,2,2,494
P7,B11,component5,8,beef_extract,2,2,496
P7,C11,component5,8,beef_extract,2,2,498
P7,D11,component5,8,beef_extract,2,2,500
P7,E11,component5,8,beef_extract,2,2,502
P7,F11,component5,8,beef_extract,2,2,504
P7,G11,component5,8,beef_extract,2,2,506
P7,H11,component5,8,beef_extract,2,2,508
P7,A12,component5,8,beef_extract,2,2,510
P7,B12,component5,8,beef_extract,2,2,512
P7,C12,component5,8,beef_extract,2,2,514
P7,D12,component5,8,beef_extract,2,2,516
P7,E12,component5,8,beef_extract,2,2,518
P7,F12,component5,8,beef_extract,2,2,520
P7,G12,component5,8,beef_extract,2,2,522
P7,H12,component5,8,beef_extract,2,2,524
P7,H5,component6,9,n_z_amine,2,2,412
P7,A6,component6,9,n_z_amine,2,2,414
P7,B6,component6,9,n_z_amine,2,2,416
P7,C6,component6,9,n_z_amine,2,2,418
P7,D6,component6,9,n_z_amine,2,2,420
P7,E6,component6,9,n_z_amine,2,2,422
P7,F6,component6,9,n_z_amine,2,2,424
P7,G6,component6,9,n_z_amine,2,2,426
P7,H6,component6,9,n_z_amine,2,2,428
P7,A7,component6,9,n_z_amine,2,2,430
P7,B7,component6,9,n_z_amine,2,2,432
P7,C7,component6,9,n_z_amine,2,2,434
P7,D7,component6,9,n_z_amine,2,2,436
P7,E7,component6,9,n_z_amine,2,2,438
P7,F7,component6,9,n_z_amine,2,2,440
P7,G7,component6,9,n_z_amine,2,2,442
P7,H7,component6,9,n_z_amine,2,2,444
P7,A8,component6,9,n_z_amine,2,2,446
P7,B8,component6,9,n_z_amine,2,2,448
P7,C8,component6,9,n_z_amine,2,2,450
P7,D8,component6,9,n_z_amine,2,2,452
P7,E8,component6,9,n_z_amine,2,2,454
P7,F8,component6,9,n_z_amine,2,2,456
P7,G8,component6,9,n_z_amine,2,2,458
P7,H8,component6,9,n_z_amine,2,2,460
P7,A9,component6,9,n_z_amine,2,2,462
P7,B9,component6,9,n_z_amine,2,2,464
P7,C9,component6,9,n_z_amine,2,2,466
P7,D9,component6,9,n_z_amine,2,2,468
P7,E9,component6,9,n_z_amine,2,2,470
P7,F9,component6,9,n_z_amine,2,2,472
P7,G9,component6,9,n_z_amine,2,2,474
P7,H9,component6,9,n_z_amine,2,2,476
P7,A10,component6,9,n_z_amine,2,2,478
P7,B10,component6,9,n_z_amine,2,2,480
P7,C10,component6,9,n_z_amine,2,2,482
P7,D10,component6,9,n_z_amine,2,2,484
P7,E10,component6,9,n_z_amine,2,2,486
P7,F10,component6,9,n_z_amine,2,2,488
P7,G10,component6,9,n_z_amine,2,2,490
P7,H10,component6,9,n_z_amine,2,2,492
